"Status","First name","Last name","Employee ID","Primary workgroup","Contributing workgroup","Email address","Primary job role","Other job roles","Use Reviews","Default reviewer employee ID","Use Learning","Role and My Development mentor employee ID","Start date","Leaving date","Timezone","Advanced user","Use Goals"
1,"Joe","Bloggs","ExUser0","IT Systems and Development",,"dave.kimber+0@simitive.com","Developer",,1,"SIM001",1,"SIM001",01/01/1970,15/05/2015,"Europe/London",,1
1,"Joe","Bloggs","ExUser1","IT Systems and Development",,"dave.kimber+1@simitive.com","Developer",,1,"SIM001",1,"SIM001",01/01/1970,15/05/2015,"Europe/London",,1
1,"Joe","Bloggs","ExUser2","IT Systems and Development",,"dave.kimber+2@simitive.com","Developer",,1,"SIM001",1,"SIM001",01/01/1970,15/05/2015,"Europe/London",,1
1,"Joe","Bloggs","ExUser3","IT Systems and Development",,"dave.kimber+3@simitive.com","Developer",,1,"SIM001",1,"SIM001",01/01/1970,15/05/2015,"Europe/London",,1
1,"Joe","Bloggs","ExUser4","IT Systems and Development",,"dave.kimber+4@simitive.com","Developer",,1,"SIM001",1,"SIM001",01/01/1970,15/05/2015,"Europe/London",,1
1,"Joe","Bloggs","ExUser5","IT Systems and Development",,"dave.kimber+5@simitive.com","Developer",,1,"SIM001",1,"SIM001",01/01/1970,15/05/2015,"Europe/London",,1
1,"Joe","Bloggs","ExUser6","IT Systems and Development",,"dave.kimber+6@simitive.com","Developer",,1,"SIM001",1,"SIM001",01/01/1970,15/05/2015,"Europe/London",,1
1,"Joe","Bloggs","ExUser7","IT Systems and Development",,"dave.kimber+7@simitive.com","Developer",,1,"SIM001",1,"SIM001",01/01/1970,15/05/2015,"Europe/London",,1
1,"Joe","Bloggs","ExUser8","IT Systems and Development",,"dave.kimber+8@simitive.com","Developer",,1,"SIM001",1,"SIM001",01/01/1970,15/05/2015,"Europe/London",,1
1,"Joe","Bloggs","ExUser9","IT Systems and Development",,"dave.kimber+9@simitive.com","Developer",,1,"SIM001",1,"SIM001",01/01/1970,15/05/2015,"Europe/London",,1
1,"Joe","Bloggs","ExUser10","IT Systems and Development",,"dave.kimber+10@simitive.com","Developer",,1,"SIM001",1,"SIM001",01/01/1970,15/05/2015,"Europe/London",,1
1,"Joe","Bloggs","ExUser11","IT Systems and Development",,"dave.kimber+11@simitive.com","Developer",,1,"SIM001",1,"SIM001",01/01/1970,15/05/2015,"Europe/London",,1
1,"Joe","Bloggs","ExUser12","IT Systems and Development",,"dave.kimber+12@simitive.com","Developer",,1,"SIM001",1,"SIM001",01/01/1970,15/05/2015,"Europe/London",,1
1,"Joe","Bloggs","ExUser13","IT Systems and Development",,"dave.kimber+13@simitive.com","Developer",,1,"SIM001",1,"SIM001",01/01/1970,15/05/2015,"Europe/London",,1
1,"Joe","Bloggs","ExUser14","IT Systems and Development",,"dave.kimber+14@simitive.com","Developer",,1,"SIM001",1,"SIM001",01/01/1970,15/05/2015,"Europe/London",,1
1,"Joe","Bloggs","ExUser15","IT Systems and Development",,"dave.kimber+15@simitive.com","Developer",,1,"SIM001",1,"SIM001",01/01/1970,15/05/2015,"Europe/London",,1
1,"Joe","Bloggs","ExUser16","IT Systems and Development",,"dave.kimber+16@simitive.com","Developer",,1,"SIM001",1,"SIM001",01/01/1970,15/05/2015,"Europe/London",,1
1,"Joe","Bloggs","ExUser17","IT Systems and Development",,"dave.kimber+17@simitive.com","Developer",,1,"SIM001",1,"SIM001",01/01/1970,15/05/2015,"Europe/London",,1
1,"Joe","Bloggs","ExUser18","IT Systems and Development",,"dave.kimber+18@simitive.com","Developer",,1,"SIM001",1,"SIM001",01/01/1970,15/05/2015,"Europe/London",,1
1,"Joe","Bloggs","ExUser19","IT Systems and Development",,"dave.kimber+19@simitive.com","Developer",,1,"SIM001",1,"SIM001",01/01/1970,15/05/2015,"Europe/London",,1
1,"Joe","Bloggs","ExUser20","IT Systems and Development",,"dave.kimber+20@simitive.com","Developer",,1,"SIM001",1,"SIM001",01/01/1970,15/05/2015,"Europe/London",,1
1,"Joe","Bloggs","ExUser21","IT Systems and Development",,"dave.kimber+21@simitive.com","Developer",,1,"SIM001",1,"SIM001",01/01/1970,15/05/2015,"Europe/London",,1
1,"Joe","Bloggs","ExUser22","IT Systems and Development",,"dave.kimber+22@simitive.com","Developer",,1,"SIM001",1,"SIM001",01/01/1970,15/05/2015,"Europe/London",,1
1,"Joe","Bloggs","ExUser23","IT Systems and Development",,"dave.kimber+23@simitive.com","Developer",,1,"SIM001",1,"SIM001",01/01/1970,15/05/2015,"Europe/London",,1
1,"Joe","Bloggs","ExUser24","IT Systems and Development",,"dave.kimber+24@simitive.com","Developer",,1,"SIM001",1,"SIM001",01/01/1970,15/05/2015,"Europe/London",,1
1,"Joe","Bloggs","ExUser25","IT Systems and Development",,"dave.kimber+25@simitive.com","Developer",,1,"SIM001",1,"SIM001",01/01/1970,15/05/2015,"Europe/London",,1
1,"Joe","Bloggs","ExUser26","IT Systems and Development",,"dave.kimber+26@simitive.com","Developer",,1,"SIM001",1,"SIM001",01/01/1970,15/05/2015,"Europe/London",,1
1,"Joe","Bloggs","ExUser27","IT Systems and Development",,"dave.kimber+27@simitive.com","Developer",,1,"SIM001",1,"SIM001",01/01/1970,15/05/2015,"Europe/London",,1
1,"Joe","Bloggs","ExUser28","IT Systems and Development",,"dave.kimber+28@simitive.com","Developer",,1,"SIM001",1,"SIM001",01/01/1970,15/05/2015,"Europe/London",,1
1,"Joe","Bloggs","ExUser29","IT Systems and Development",,"dave.kimber+29@simitive.com","Developer",,1,"SIM001",1,"SIM001",01/01/1970,15/05/2015,"Europe/London",,1
1,"Joe","Bloggs","ExUser30","IT Systems and Development",,"dave.kimber+30@simitive.com","Developer",,1,"SIM001",1,"SIM001",01/01/1970,15/05/2015,"Europe/London",,1
1,"Joe","Bloggs","ExUser31","IT Systems and Development",,"dave.kimber+31@simitive.com","Developer",,1,"SIM001",1,"SIM001",01/01/1970,15/05/2015,"Europe/London",,1
1,"Joe","Bloggs","ExUser32","IT Systems and Development",,"dave.kimber+32@simitive.com","Developer",,1,"SIM001",1,"SIM001",01/01/1970,15/05/2015,"Europe/London",,1
1,"Joe","Bloggs","ExUser33","IT Systems and Development",,"dave.kimber+33@simitive.com","Developer",,1,"SIM001",1,"SIM001",01/01/1970,15/05/2015,"Europe/London",,1
1,"Joe","Bloggs","ExUser34","IT Systems and Development",,"dave.kimber+34@simitive.com","Developer",,1,"SIM001",1,"SIM001",01/01/1970,15/05/2015,"Europe/London",,1
1,"Joe","Bloggs","ExUser35","IT Systems and Development",,"dave.kimber+35@simitive.com","Developer",,1,"SIM001",1,"SIM001",01/01/1970,15/05/2015,"Europe/London",,1
1,"Joe","Bloggs","ExUser36","IT Systems and Development",,"dave.kimber+36@simitive.com","Developer",,1,"SIM001",1,"SIM001",01/01/1970,15/05/2015,"Europe/London",,1
1,"Joe","Bloggs","ExUser37","IT Systems and Development",,"dave.kimber+37@simitive.com","Developer",,1,"SIM001",1,"SIM001",01/01/1970,15/05/2015,"Europe/London",,1
1,"Joe","Bloggs","ExUser38","IT Systems and Development",,"dave.kimber+38@simitive.com","Developer",,1,"SIM001",1,"SIM001",01/01/1970,15/05/2015,"Europe/London",,1
1,"Joe","Bloggs","ExUser39","IT Systems and Development",,"dave.kimber+39@simitive.com","Developer",,1,"SIM001",1,"SIM001",01/01/1970,15/05/2015,"Europe/London",,1
1,"Joe","Bloggs","ExUser40","IT Systems and Development",,"dave.kimber+40@simitive.com","Developer",,1,"SIM001",1,"SIM001",01/01/1970,15/05/2015,"Europe/London",,1
1,"Joe","Bloggs","ExUser41","IT Systems and Development",,"dave.kimber+41@simitive.com","Developer",,1,"SIM001",1,"SIM001",01/01/1970,15/05/2015,"Europe/London",,1
1,"Joe","Bloggs","ExUser42","IT Systems and Development",,"dave.kimber+42@simitive.com","Developer",,1,"SIM001",1,"SIM001",01/01/1970,15/05/2015,"Europe/London",,1
1,"Joe","Bloggs","ExUser43","IT Systems and Development",,"dave.kimber+43@simitive.com","Developer",,1,"SIM001",1,"SIM001",01/01/1970,15/05/2015,"Europe/London",,1
1,"Joe","Bloggs","ExUser44","IT Systems and Development",,"dave.kimber+44@simitive.com","Developer",,1,"SIM001",1,"SIM001",01/01/1970,15/05/2015,"Europe/London",,1
1,"Joe","Bloggs","ExUser45","IT Systems and Development",,"dave.kimber+45@simitive.com","Developer",,1,"SIM001",1,"SIM001",01/01/1970,15/05/2015,"Europe/London",,1
1,"Joe","Bloggs","ExUser46","IT Systems and Development",,"dave.kimber+46@simitive.com","Developer",,1,"SIM001",1,"SIM001",01/01/1970,15/05/2015,"Europe/London",,1
1,"Joe","Bloggs","ExUser47","IT Systems and Development",,"dave.kimber+47@simitive.com","Developer",,1,"SIM001",1,"SIM001",01/01/1970,15/05/2015,"Europe/London",,1
1,"Joe","Bloggs","ExUser48","IT Systems and Development",,"dave.kimber+48@simitive.com","Developer",,1,"SIM001",1,"SIM001",01/01/1970,15/05/2015,"Europe/London",,1
1,"Joe","Bloggs","ExUser49","IT Systems and Development",,"dave.kimber+49@simitive.com","Developer",,1,"SIM001",1,"SIM001",01/01/1970,15/05/2015,"Europe/London",,1
1,"Joe","Bloggs","ExUser50","IT Systems and Development",,"dave.kimber+50@simitive.com","Developer",,1,"SIM001",1,"SIM001",01/01/1970,15/05/2015,"Europe/London",,1
1,"Joe","Bloggs","ExUser51","IT Systems and Development",,"dave.kimber+51@simitive.com","Developer",,1,"SIM001",1,"SIM001",01/01/1970,15/05/2015,"Europe/London",,1
1,"Joe","Bloggs","ExUser52","IT Systems and Development",,"dave.kimber+52@simitive.com","Developer",,1,"SIM001",1,"SIM001",01/01/1970,15/05/2015,"Europe/London",,1
1,"Joe","Bloggs","ExUser53","IT Systems and Development",,"dave.kimber+53@simitive.com","Developer",,1,"SIM001",1,"SIM001",01/01/1970,15/05/2015,"Europe/London",,1
1,"Joe","Bloggs","ExUser54","IT Systems and Development",,"dave.kimber+54@simitive.com","Developer",,1,"SIM001",1,"SIM001",01/01/1970,15/05/2015,"Europe/London",,1
1,"Joe","Bloggs","ExUser55","IT Systems and Development",,"dave.kimber+55@simitive.com","Developer",,1,"SIM001",1,"SIM001",01/01/1970,15/05/2015,"Europe/London",,1
1,"Joe","Bloggs","ExUser56","IT Systems and Development",,"dave.kimber+56@simitive.com","Developer",,1,"SIM001",1,"SIM001",01/01/1970,15/05/2015,"Europe/London",,1
1,"Joe","Bloggs","ExUser57","IT Systems and Development",,"dave.kimber+57@simitive.com","Developer",,1,"SIM001",1,"SIM001",01/01/1970,15/05/2015,"Europe/London",,1
1,"Joe","Bloggs","ExUser58","IT Systems and Development",,"dave.kimber+58@simitive.com","Developer",,1,"SIM001",1,"SIM001",01/01/1970,15/05/2015,"Europe/London",,1
1,"Joe","Bloggs","ExUser59","IT Systems and Development",,"dave.kimber+59@simitive.com","Developer",,1,"SIM001",1,"SIM001",01/01/1970,15/05/2015,"Europe/London",,1
1,"Joe","Bloggs","ExUser60","IT Systems and Development",,"dave.kimber+60@simitive.com","Developer",,1,"SIM001",1,"SIM001",01/01/1970,15/05/2015,"Europe/London",,1
1,"Joe","Bloggs","ExUser61","IT Systems and Development",,"dave.kimber+61@simitive.com","Developer",,1,"SIM001",1,"SIM001",01/01/1970,15/05/2015,"Europe/London",,1
1,"Joe","Bloggs","ExUser62","IT Systems and Development",,"dave.kimber+62@simitive.com","Developer",,1,"SIM001",1,"SIM001",01/01/1970,15/05/2015,"Europe/London",,1
1,"Joe","Bloggs","ExUser63","IT Systems and Development",,"dave.kimber+63@simitive.com","Developer",,1,"SIM001",1,"SIM001",01/01/1970,15/05/2015,"Europe/London",,1
1,"Joe","Bloggs","ExUser64","IT Systems and Development",,"dave.kimber+64@simitive.com","Developer",,1,"SIM001",1,"SIM001",01/01/1970,15/05/2015,"Europe/London",,1
1,"Joe","Bloggs","ExUser65","IT Systems and Development",,"dave.kimber+65@simitive.com","Developer",,1,"SIM001",1,"SIM001",01/01/1970,15/05/2015,"Europe/London",,1
1,"Joe","Bloggs","ExUser66","IT Systems and Development",,"dave.kimber+66@simitive.com","Developer",,1,"SIM001",1,"SIM001",01/01/1970,15/05/2015,"Europe/London",,1
1,"Joe","Bloggs","ExUser67","IT Systems and Development",,"dave.kimber+67@simitive.com","Developer",,1,"SIM001",1,"SIM001",01/01/1970,15/05/2015,"Europe/London",,1
1,"Joe","Bloggs","ExUser68","IT Systems and Development",,"dave.kimber+68@simitive.com","Developer",,1,"SIM001",1,"SIM001",01/01/1970,15/05/2015,"Europe/London",,1
1,"Joe","Bloggs","ExUser69","IT Systems and Development",,"dave.kimber+69@simitive.com","Developer",,1,"SIM001",1,"SIM001",01/01/1970,15/05/2015,"Europe/London",,1
1,"Joe","Bloggs","ExUser70","IT Systems and Development",,"dave.kimber+70@simitive.com","Developer",,1,"SIM001",1,"SIM001",01/01/1970,15/05/2015,"Europe/London",,1
1,"Joe","Bloggs","ExUser71","IT Systems and Development",,"dave.kimber+71@simitive.com","Developer",,1,"SIM001",1,"SIM001",01/01/1970,15/05/2015,"Europe/London",,1
1,"Joe","Bloggs","ExUser72","IT Systems and Development",,"dave.kimber+72@simitive.com","Developer",,1,"SIM001",1,"SIM001",01/01/1970,15/05/2015,"Europe/London",,1
1,"Joe","Bloggs","ExUser73","IT Systems and Development",,"dave.kimber+73@simitive.com","Developer",,1,"SIM001",1,"SIM001",01/01/1970,15/05/2015,"Europe/London",,1
1,"Joe","Bloggs","ExUser74","IT Systems and Development",,"dave.kimber+74@simitive.com","Developer",,1,"SIM001",1,"SIM001",01/01/1970,15/05/2015,"Europe/London",,1
1,"Joe","Bloggs","ExUser75","IT Systems and Development",,"dave.kimber+75@simitive.com","Developer",,1,"SIM001",1,"SIM001",01/01/1970,15/05/2015,"Europe/London",,1
1,"Joe","Bloggs","ExUser76","IT Systems and Development",,"dave.kimber+76@simitive.com","Developer",,1,"SIM001",1,"SIM001",01/01/1970,15/05/2015,"Europe/London",,1
1,"Joe","Bloggs","ExUser77","IT Systems and Development",,"dave.kimber+77@simitive.com","Developer",,1,"SIM001",1,"SIM001",01/01/1970,15/05/2015,"Europe/London",,1
1,"Joe","Bloggs","ExUser78","IT Systems and Development",,"dave.kimber+78@simitive.com","Developer",,1,"SIM001",1,"SIM001",01/01/1970,15/05/2015,"Europe/London",,1
1,"Joe","Bloggs","ExUser79","IT Systems and Development",,"dave.kimber+79@simitive.com","Developer",,1,"SIM001",1,"SIM001",01/01/1970,15/05/2015,"Europe/London",,1
1,"Joe","Bloggs","ExUser80","IT Systems and Development",,"dave.kimber+80@simitive.com","Developer",,1,"SIM001",1,"SIM001",01/01/1970,15/05/2015,"Europe/London",,1
1,"Joe","Bloggs","ExUser81","IT Systems and Development",,"dave.kimber+81@simitive.com","Developer",,1,"SIM001",1,"SIM001",01/01/1970,15/05/2015,"Europe/London",,1
1,"Joe","Bloggs","ExUser82","IT Systems and Development",,"dave.kimber+82@simitive.com","Developer",,1,"SIM001",1,"SIM001",01/01/1970,15/05/2015,"Europe/London",,1
1,"Joe","Bloggs","ExUser83","IT Systems and Development",,"dave.kimber+83@simitive.com","Developer",,1,"SIM001",1,"SIM001",01/01/1970,15/05/2015,"Europe/London",,1
1,"Joe","Bloggs","ExUser84","IT Systems and Development",,"dave.kimber+84@simitive.com","Developer",,1,"SIM001",1,"SIM001",01/01/1970,15/05/2015,"Europe/London",,1
1,"Joe","Bloggs","ExUser85","IT Systems and Development",,"dave.kimber+85@simitive.com","Developer",,1,"SIM001",1,"SIM001",01/01/1970,15/05/2015,"Europe/London",,1
1,"Joe","Bloggs","ExUser86","IT Systems and Development",,"dave.kimber+86@simitive.com","Developer",,1,"SIM001",1,"SIM001",01/01/1970,15/05/2015,"Europe/London",,1
1,"Joe","Bloggs","ExUser87","IT Systems and Development",,"dave.kimber+87@simitive.com","Developer",,1,"SIM001",1,"SIM001",01/01/1970,15/05/2015,"Europe/London",,1
1,"Joe","Bloggs","ExUser88","IT Systems and Development",,"dave.kimber+88@simitive.com","Developer",,1,"SIM001",1,"SIM001",01/01/1970,15/05/2015,"Europe/London",,1
1,"Joe","Bloggs","ExUser89","IT Systems and Development",,"dave.kimber+89@simitive.com","Developer",,1,"SIM001",1,"SIM001",01/01/1970,15/05/2015,"Europe/London",,1
1,"Joe","Bloggs","ExUser90","IT Systems and Development",,"dave.kimber+90@simitive.com","Developer",,1,"SIM001",1,"SIM001",01/01/1970,15/05/2015,"Europe/London",,1
1,"Joe","Bloggs","ExUser91","IT Systems and Development",,"dave.kimber+91@simitive.com","Developer",,1,"SIM001",1,"SIM001",01/01/1970,15/05/2015,"Europe/London",,1
1,"Joe","Bloggs","ExUser92","IT Systems and Development",,"dave.kimber+92@simitive.com","Developer",,1,"SIM001",1,"SIM001",01/01/1970,15/05/2015,"Europe/London",,1
1,"Joe","Bloggs","ExUser93","IT Systems and Development",,"dave.kimber+93@simitive.com","Developer",,1,"SIM001",1,"SIM001",01/01/1970,15/05/2015,"Europe/London",,1
1,"Joe","Bloggs","ExUser94","IT Systems and Development",,"dave.kimber+94@simitive.com","Developer",,1,"SIM001",1,"SIM001",01/01/1970,15/05/2015,"Europe/London",,1
1,"Joe","Bloggs","ExUser95","IT Systems and Development",,"dave.kimber+95@simitive.com","Developer",,1,"SIM001",1,"SIM001",01/01/1970,15/05/2015,"Europe/London",,1
1,"Joe","Bloggs","ExUser96","IT Systems and Development",,"dave.kimber+96@simitive.com","Developer",,1,"SIM001",1,"SIM001",01/01/1970,15/05/2015,"Europe/London",,1
1,"Joe","Bloggs","ExUser97","IT Systems and Development",,"dave.kimber+97@simitive.com","Developer",,1,"SIM001",1,"SIM001",01/01/1970,15/05/2015,"Europe/London",,1
1,"Joe","Bloggs","ExUser98","IT Systems and Development",,"dave.kimber+98@simitive.com","Developer",,1,"SIM001",1,"SIM001",01/01/1970,15/05/2015,"Europe/London",,1
1,"Joe","Bloggs","ExUser99","IT Systems and Development",,"dave.kimber+99@simitive.com","Developer",,1,"SIM001",1,"SIM001",01/01/1970,15/05/2015,"Europe/London",,1
